Team,2019
1,1560
5,0
6,0
7,0
8,1572
9,0
10,0
11,1600
16,1726
19,0
21,1546
22,0
25,1656
27,1736
28,1467
30,0
31,1501
33,1812
34,1566
38,0
40,0
41,1666
42,0
45,1602
47,0
48,1583
49,0
53,0
56,1707
57,0
58,1629
59,1681
60,1555
61,1643
63,1528
64,0
65,0
66,1623
67,1711
68,1482
69,1652
70,1591
71,1631
74,1644
75,1635
79,1467
80,0
81,1421
84,0
85,1639
86,1705
87,1443
88,1700
92,0
93,1568
94,1529
95,1642
96,0
97,1481
100,1498
101,1575
102,1641
103,1670
104,0
105,0
107,1719
108,1594
109,0
111,1717
112,0
114,1640
115,1733
116,1563
117,1497
118,1765
120,1530
121,1563
122,1590
123,1549
125,1732
126,1677
128,1447
131,1561
133,1784
134,0
135,1661
136,1443
138,1575
140,0
141,1531
144,1636
145,1637
147,0
148,1829
151,1550
155,1480
157,1539
158,0
159,1517
165,0
166,1569
167,1609
168,0
171,1524
173,1671
174,0
175,1574
176,1795
177,1704
178,1652
179,1844
180,1729
181,1589
182,0
184,0
186,0
188,1691
190,1646
191,1568
192,1541
195,1786
201,1594
203,1562
204,1536
207,1677
209,0
211,0
212,0
213,1524
215,0
217,1725
219,1560
222,1712
223,1662
224,1548
225,1828
226,1680
228,1630
229,1547
230,1730
231,1710
233,1613
234,1758
235,0
236,1633
237,1646
238,1683
240,1499
241,0
245,1734
246,1502
247,1528
249,0
250,1570
253,1622
254,1889
255,0
256,1443
258,0
259,0
263,1588
267,0
269,1531
270,0
271,1642
272,1613
274,0
276,0
278,0
279,1529
280,1505
281,1572
284,0
287,1593
288,1564
291,1577
292,1471
293,1544
294,1718
295,0
296,1505
298,0
300,0
301,0
302,1703
303,1756
304,0
306,0
308,1657
311,0
312,0
313,1468
314,1551
316,1631
317,0
319,1757
322,1341
326,0
329,1651
330,1841
331,0
333,1555
334,1545
335,1411
337,1526
339,1583
340,1762
341,1599
342,1678
343,1558
345,0
346,1815
348,1461
352,1381
353,1521
354,1593
356,0
357,0
358,1549
359,1746
360,1662
362,0
364,1861
365,1659
367,0
368,1718
371,0
374,0
375,0
376,0
378,1584
379,1653
380,0
381,0
382,0
383,1538
384,1634
386,1638
391,0
393,0
394,0
395,1468
397,0
398,0
399,1519
400,0
401,1675
404,0
405,0
406,0
408,0
409,0
410,0
411,0
414,0
415,0
416,0
417,0
418,1557
419,0
421,0
422,1569
433,1622
434,0
435,1500
437,0
438,0
440,0
441,0
442,1419
443,0
444,0
446,0
447,1509
448,0
449,1612
451,1442
453,1495
456,1676
457,1492
459,0
461,1689
462,0
467,1504
468,1493
469,1509
470,0
471,0
473,0
476,0
478,0
480,0
481,0
484,1589
486,1591
487,0
488,1616
492,1640
493,0
494,1698
496,1391
497,0
498,1619
499,0
500,0
501,1549
502,0
503,1600
505,0
506,0
507,0
510,0
512,0
513,0
514,1489
515,0
518,0
519,0
521,0
522,1398
524,0
525,1767
528,0
529,0
533,1506
535,0
537,1513
538,1525
539,1550
540,1570
541,0
545,1390
546,0
547,1449
548,1699
549,0
550,0
551,0
554,1573
555,1544
557,0
558,1645
560,0
561,0
562,0
563,0
564,1522
565,0
568,1442
569,1422
570,0
571,1646
573,1656
574,0
576,0
578,1576
580,1447
581,1492
582,0
583,0
585,1368
587,1595
588,0
589,1490
590,1359
591,0
596,0
597,1611
598,0
599,1624
600,0
601,1481
602,0
604,1807
605,0
606,1358
607,0
609,0
610,1750
611,1560
612,1605
613,0
614,1661
615,0
616,0
617,1368
618,0
619,1690
620,1588
622,0
623,1555
624,1682
628,0
632,0
633,0
634,0
635,0
636,0
637,0
638,0
639,1553
640,1418
641,0
642,0
643,0
644,0
645,0
647,1444
648,1477
649,1753
650,0
651,0
652,0
653,1385
654,0
655,0
658,0
659,0
660,0
662,1560
663,1560
664,0
665,0
668,1443
675,0
677,1493
679,0
685,0
686,1528
687,1646
688,0
690,0
691,1530
692,0
694,1737
695,1421
696,1600
697,0
698,1455
700,0
701,1559
702,1599
703,1550
704,1465
706,1528
708,1589
709,1579
710,0
711,0
713,0
714,1506
716,1581
743,1489
750,0
751,1473
752,1469
753,1528
754,0
755,0
758,0
759,0
764,0
765,0
766,1465
768,0
769,0
770,0
771,1524
772,1560
773,1394
776,0
779,0
780,0
781,1444
782,0
783,0
800,0
801,1448
802,0
804,0
805,0
806,1475
807,0
808,0
809,0
810,1518
811,1518
812,1571
814,0
815,1524
816,1504
818,1543
820,0
822,0
824,0
825,0
827,0
829,1693
830,1497
831,0
832,1557
833,0
834,1598
835,1492
836,1728
837,0
839,1449
840,1401
841,1501
842,1708
843,0
845,0
846,1729
847,1560
848,1454
849,0
850,0
851,0
852,1517
853,0
854,1534
857,1535
858,1512
859,0
861,0
862,1676
863,0
865,1578
866,0
867,1480
868,1669
869,0
870,1775
871,1542
872,0
873,0
874,0
875,0
876,1636
877,1421
878,0
879,0
880,0
881,0
883,0
884,1450
885,1555
886,0
887,0
888,1575
889,0
891,0
892,0
894,1483
896,0
897,0
898,0
899,0
900,1453
901,0
902,0
903,0
904,1615
905,0
906,0
907,1571
908,0
909,0
910,1773
912,0
913,0
914,0
915,0
917,0
918,0
919,1336
920,0
922,0
925,0
926,0
927,0
928,0
930,1757
931,1522
932,1621
933,0
934,0
935,1593
936,0
937,1407
938,1415
939,0
940,0
941,0
942,0
943,0
945,1506
946,0
947,0
948,1692
949,1426
950,0
953,0
954,0
955,1457
956,0
957,1572
959,0
960,0
961,0
962,0
963,0
964,0
966,0
967,1684
968,1518
969,0
970,0
971,1847
972,1517
973,1835
974,0
975,0
976,0
977,1658
979,0
980,1463
981,0
982,0
984,0
987,1820
988,1352
989,0
990,0
991,1575
992,0
995,0
996,1482
997,1681
998,0
999,1529
35,0
73,0
172,1698
321,1623
369,0
373,0
388,0
407,0
460,0
491,0
527,1601
566,0
762,0
803,0
1000,0
1001,0
1002,1559
1005,0
1006,0
1007,0
1008,0
1009,0
1010,0
1011,1633
1014,1493
1015,0
1016,0
1017,0
1018,1577
1019,0
1020,0
1022,0
1023,1768
1024,1641
1026,0
1027,1504
1028,0
1029,0
1030,0
1031,0
1033,0
1034,0
1035,0
1036,0
1037,0
1038,1578
1039,0
1040,0
1041,0
1042,0
1043,0
1045,0
1046,0
1047,0
1048,0
1049,0
1051,1562
1052,0
1053,0
1054,0
1055,0
1056,1535
1057,0
1058,1611
1059,0
1060,0
1062,0
1063,0
1064,0
1065,1550
1067,0
1068,0
1069,0
1070,0
1071,1673
1072,1506
1073,1642
1075,1520
1077,0
1079,0
1081,0
1082,0
1083,0
1084,0
1086,1504
1087,0
1088,0
1089,1619
1090,0
1091,1529
1092,0
1093,0
1094,1596
1095,0
1096,0
1097,0
1098,0
1099,1588
1100,1644
1101,0
1102,1747
1103,0
1104,0
1105,0
1106,0
1108,1436
1109,0
1110,0
1111,1529
1112,0
1113,0
1114,1871
1115,0
1116,0
1118,0
1120,0
1122,0
1123,1479
1124,1400
1125,0
1126,1589
1127,0
1129,0
1130,0
1131,0
1132,0
1133,0
1135,0
1136,0
1137,0
1138,1569
1139,0
1140,0
1141,0
1143,1579
1144,1448
1146,0
1147,0
1148,0
1149,0
1150,0
1151,0
1152,0
1153,1646
1154,0
1155,1610
1156,1544
1157,1462
1158,0
1159,1522
1160,1543
1161,0
1162,0
1163,0
1164,1512
1165,1496
1166,0
1167,0
1168,1529
1169,0
1172,0
1177,0
1178,1514
1180,0
1181,0
1182,0
1183,0
1184,0
1185,0
1187,0
1188,1643
1189,1582
1190,0
1191,0
1195,0
1197,1616
1199,0
1200,0
1201,0
1202,0
1203,0
1204,0
1205,0
1206,0
1208,1562
1209,1438
1210,0
1211,0
1212,1496
1213,0
1214,0
1215,0
1216,0
1218,1684
1219,0
1220,0
1221,0
1222,0
1223,0
1224,0
1225,1475
1226,0
1227,0
1228,1513
1229,0
1230,1404
1232,0
1235,0
1236,0
1237,0
1238,0
20,1810
350,0
670,1557
1239,0
1240,0
1241,1761
1242,0
1243,1563
1244,0
1245,1588
1246,1546
1247,1510
1248,1495
1249,0
1250,1613
1251,1546
1254,1520
1255,1507
1256,0
1257,1588
1258,1564
1259,1693
1260,0
1261,1598
1262,1594
1263,0
1266,1487
1268,0
1270,0
1272,0
1274,0
1275,0
1276,0
1277,1621
1278,0
1279,1632
1280,1446
1281,0
1284,0
1286,0
1287,1581
1288,1527
1289,1514
1290,1432
1291,0
1292,0
1293,1573
1294,1531
1295,0
1296,1608
1297,0
1298,0
1299,0
1300,0
1301,0
1302,0
1303,1427
1304,0
1305,1680
1306,1557
1307,1438
1308,1380
1309,0
1310,1705
1311,1649
1312,0
1315,0
1317,1521
1318,1666
1319,1509
1320,0
1322,1659
1323,1916
1324,0
1325,1799
1326,0
1327,0
1329,1503
1330,0
1331,0
1332,1494
1334,1479
1335,0
1336,0
1338,0
1339,1551
1340,0
1341,0
1342,0
1343,0
1345,0
1346,0
1347,0
1348,0
1349,0
1350,1535
1351,1482
1352,0
1353,0
1355,0
1356,0
1357,0
1358,0
1359,1472
1361,0
1364,0
1365,0
1366,0
1367,0
1368,0
1369,1646
1370,1583
1371,0
1372,0
1373,0
1375,0
1376,0
1377,0
1378,0
1379,0
1380,0
1382,1504
1384,0
1385,0
1386,0
1387,0
1388,1588
1389,1487
1390,0
1391,1638
1392,0
1393,0
1394,0
1395,0
1396,0
1397,0
1398,1493
1401,0
1402,0
1403,1588
1404,0
1405,1598
1406,0
1407,0
1408,0
1409,0
1410,1652
1411,0
1412,0
1413,1639
1414,1674
1415,0
1416,0
1417,0
1418,1676
1419,0
1420,0
1421,1699
1422,1494
1425,1640
1426,0
1427,0
1428,0
1429,0
1430,0
1432,1504
1433,0
1435,0
1436,0
1437,0
1438,0
1439,0
1440,0
1441,0
1442,0
1444,1578
1446,1426
1447,0
1448,0
1449,0
1450,1569
1451,0
1452,1484
1453,0
1455,0
1456,0
1457,0
1458,1518
1459,0
1460,0
1461,0
1462,0
1463,0
1464,0
1465,0
1466,1526
1467,0
1468,1647
1469,0
1470,0
1472,0
1474,1617
1475,0
1476,0
1477,1631
1478,0
1479,0
1480,0
1481,1669
1482,1411
1484,0
1486,0
1489,0
1490,0
1492,1593
1493,1712
1495,1633
1496,0
1497,0
1771,1692
2038,0
2119,0
2415,1495
2974,1758
9999,0
372,0
1500,0
1502,1448
1503,0
1504,1604
1505,0
1506,1685
1507,1698
1508,0
1509,0
1510,1483
1511,1641
1513,0
1514,0
1515,1460
1516,0
1517,1519
1523,1575
1524,0
1525,0
1527,0
1528,1441
1531,0
1532,0
1534,0
1538,1614
1539,1460
1540,1773
1543,0
1544,0
1546,1474
1547,0
1548,0
1549,0
1550,0
1552,0
1553,1501
1556,0
1557,1519
1558,0
1560,0
1561,1531
1562,0
1563,0
1564,0
1565,0
1566,1417
1568,0
1569,1532
1570,0
1571,1473
1572,1619
1574,1583
1577,1651
1583,1489
1584,1484
1588,0
1589,0
1590,1459
1592,1533
1593,0
1594,0
1595,1612
1596,1638
1597,0
1600,1489
1602,0
1603,0
1604,0
1605,0
1610,1677
1611,0
1612,0
1613,0
1616,0
1617,0
1618,0
1619,1833
1620,0
1621,0
1625,1633
1626,1569
1628,0
1631,0
1634,0
1636,0
1641,0
1642,0
1646,1637
1647,1473
1648,1585
1649,1440
1650,0
1652,0
1653,0
1654,0
1660,1457
1661,1473
1665,1558
1666,0
1667,0
1670,0
1671,1634
1672,1538
1674,0
1675,1503
1676,1752
1677,0
1680,0
1683,1641
1684,1660
1685,0
1688,0
1689,0
1691,0
1693,0
1694,0
1695,0
1698,0
1699,1535
1700,1604
1701,1554
1703,0
1705,0
1707,0
1708,1621
4,1557
39,0
423,1454
744,1690
1013,0
1501,1643
1512,1435
1518,1565
1519,1663
1520,0
1522,1498
1529,1502
1533,1631
1537,1443
1541,0
1551,1651
1554,1383
1555,1413
1559,1571
1567,0
1573,1466
1576,1419
1578,0
1579,0
1580,1442
1582,0
1585,1478
1591,1487
1598,1418
1599,1640
1601,1453
1606,0
1607,0
1609,0
1622,1539
1623,0
1624,0
1629,1661
1633,1379
1635,1510
1640,1671
1643,0
1644,0
1645,0
1655,0
1656,0
1657,1554
1658,1700
1662,1558
1669,0
1678,1884
1682,0
1686,0
1690,1825
1692,0
1696,0
1702,0
1706,1521
1710,1566
1712,1679
1713,0
1714,1487
1715,0
1716,1385
1717,0
1718,1701
1719,1552
1720,1716
1721,1462
1722,0
1723,1538
1725,0
1726,1662
1727,1610
1730,1688
1731,1611
1732,1729
1733,0
1734,0
1735,1517
1736,1583
1737,0
1739,1484
1741,1631
1742,0
1743,1364
1744,1627
1745,1483
1746,1605
1747,1676
1748,0
1750,1495
1751,1394
1752,0
1753,0
1755,0
1756,1654
1757,1420
1758,1453
1759,1383
1760,0
1761,1503
1763,1509
1764,1523
1765,0
1766,0
1767,0
1768,1666
1769,1524
1770,0
1772,1660
1775,1578
1776,0
1777,1480
1778,1609
1779,0
1780,0
1781,1561
1782,0
1783,0
1784,0
1785,1507
1787,1608
1788,0
1789,0
1791,1469
1793,1559
1794,0
1795,1453
1796,1811
1798,0
1799,1406
1800,0
1801,0
1802,1511
1803,1428
1804,0
1805,0
1806,1538
1807,1773
1808,0
1810,1558
1811,1546
1813,0
1814,0
1815,0
1816,1694
1817,1631
1818,1498
1820,0
1823,0
1824,0
1825,1572
1826,0
1827,1448
1828,1491
1829,0
1830,0
1831,1469
1834,0
1835,0
1836,1705
1837,0
1838,0
1839,0
1840,0
1841,0
1842,0
1843,0
1845,0
1846,0
1847,1454
1848,0
1849,0
1850,0
1851,0
1852,0
1853,0
1855,0
1856,0
1858,0
1859,0
1860,1589
1861,0
1862,0
1863,0
1864,0
1865,0
1867,0
1868,1661
1870,0
1871,0
1872,0
1873,0
1875,0
1876,0
1877,0
1879,0
1880,1605
1881,0
1882,0
1883,0
1884,1488
1885,1682
1886,0
1887,0
1888,0
1889,0
1890,0
1891,1553
1893,0
1894,0
1895,1575
1896,0
1897,0
1898,0
1899,1506
1900,0
1901,0
1902,1600
1904,0
1905,0
1906,0
1907,0
1908,1523
1909,0
1910,0
1911,0
1912,1570
1913,0
1915,1352
1916,0
1917,0
1918,1745
1919,0
1920,0
1922,1602
1923,1691
1925,0
1926,0
1927,1431
1930,0
1931,0
1932,0
1933,0
1934,0
1935,0
1937,1680
1938,0
1939,1642
1940,1565
1941,0
1942,1540
1943,1531
1944,0
1945,0
1946,0
1947,0
1948,0
1949,0
1950,0
1951,0
1952,0
1954,1445
1955,0
1956,0
1957,0
1959,0
1960,0
1961,0
1962,0
1963,0
1965,1458
1966,0
1967,1496
1970,0
1972,1352
1973,0
1974,0
1975,0
1976,0
1977,1438
1978,0
424,0
425,0
1535,0
1687,0
1704,0
1711,1526
1724,0
1728,0
1740,1468
1929,0
1980,0
1981,0
1982,1550
1983,1729
1984,1562
1985,1450
1986,1770
1987,1638
1989,1457
1990,0
1991,1568
1992,0
1994,1406
1995,0
1996,0
1997,1515
1998,0
2001,1423
2002,0
2004,0
2005,0
2008,0
2009,0
2010,1468
2011,0
2012,0
2013,1512
2014,0
2015,0
2016,1635
2017,0
2019,0
2021,0
2022,1540
2023,0
2024,0
2025,0
2026,0
2027,1493
2028,1577
2029,0
2030,0
2031,0
2032,0
2033,0
2034,0
2035,1508
2036,1482
2037,0
2039,1559
2040,1649
2041,0
2042,0
2043,0
2044,0
2045,0
2046,1845
2047,0
2048,1619
2049,0
2050,0
2051,1464
2052,1715
2053,1558
2054,1715
2056,1945
2057,0
2060,0
2061,0
2062,1656
2063,0
2064,1592
2065,0
2066,0
2067,1641
2068,1487
2069,0
2070,1463
2071,0
2072,0
2073,1725
2074,0
2075,1747
2076,0
2077,1610
2078,1438
2079,1418
2080,1537
2081,1548
2083,1420
2084,1516
2085,1581
2089,0
2090,1511
2091,0
2092,0
2099,0
2100,0
2102,1700
2103,0
2104,0
2105,0
2106,1601
2107,0
2108,0
2109,0
2110,0
2111,0
2112,0
2115,0
2116,0
2120,0
2121,0
2122,1729
2124,0
2125,0
2126,0
2127,0
2128,0
2129,1448
2130,1631
2132,0
2133,0
2134,0
2135,1499
2136,1385
2137,1613
2139,0
2140,0
2141,1508
2142,0
2143,1494
2144,1500
2145,1567
2147,1741
2148,1528
2149,0
2150,0
2151,1354
2152,1681
2153,0
2154,0
2156,0
2157,0
2158,1574
2159,0
2161,1492
2162,0
2163,0
2164,1486
2165,1510
2166,0
2167,0
2168,1780
2169,1543
2170,1466
2171,1520
2172,1458
2173,0
2174,0
2175,1665
2176,0
2177,1564
2178,0
2180,1488
2181,1521
2182,0
2183,1451
2184,0
2185,0
2186,1448
2187,1475
2188,0
2189,0
2190,1477
2191,1529
2192,0
2193,0
2194,1653
2196,0
2197,1522
2198,1455
2199,1632
2200,1755
2201,0
2202,1564
2203,0
2204,1490
2205,0
2206,0
2207,1425
2208,0
2209,0
2210,0
2211,0
2212,1591
2213,0
2214,0
2215,0
2216,0
2217,0
2219,0
2220,1668
2221,1422
2222,0
2223,0
2224,1460
2225,1495
2226,0
2227,1645
2228,1621
2229,0
2230,1575
2231,1719
2232,1475
2234,1481
2235,0
2236,0
2237,0
2239,1388
2240,1582
2241,0
2242,0
2243,0
2244,0
2245,0
2246,1441
2247,0
2249,0
2250,0
2251,0
2252,1555
2254,0
2257,0
2259,1388
2260,0
2261,1470
2262,1511
2264,1501
2265,1518
2266,0
2272,0
2273,0
2274,0
2275,0
2276,0
2278,0
2279,0
2280,0
2283,1567
2285,0
2287,0
509,1638
1025,1761
1988,0
1999,0
2007,0
2330,0
2332,0
2333,1536
2334,0
2335,1476
2336,0
2337,1674
2338,1689
2339,1399
2340,1452
2341,1614
2342,1507
2343,0
2344,1488
2345,1469
2346,0
2347,1485
2348,0
2349,0
2352,1541
2353,1421
2354,1507
2357,1460
2358,1594
2359,1482
2360,0
2361,0
2362,0
2363,1659
2364,0
2365,0
2366,0
2367,1489
2368,0
2369,0
2370,1635
2371,0
2372,0
2373,1507
2374,1500
2375,1611
2376,0
2377,1580
2378,0
2380,0
2381,0
2382,0
2383,1728
2385,0
2386,1642
2387,0
2388,0
2389,0
2390,0
2391,0
2393,1580
2394,0
2395,1498
2396,0
2397,0
2398,1489
2399,1619
2400,0
2401,0
2402,0
2403,1736
2404,1443
2405,1592
2406,0
2407,0
2408,1393
2409,0
2410,1686
2411,1447
2412,1614
2413,0
2414,0
2417,0
2418,0
2419,0
2420,0
2421,1460
2422,0
2423,1476
2424,1412
2425,1432
2427,0
2428,0
2429,1461
2430,0
2431,0
2432,0
2433,0
2434,0
2435,0
2436,0
2437,1460
2438,1607
2439,1411
2440,0
2441,1408
2443,1636
2444,1545
2445,1470
2446,0
2447,0
2448,0
2449,1526
2450,1441
2453,0
2454,0
2455,0
2456,0
2457,1530
2458,1534
2459,0
2460,0
2461,1510
2462,0
2463,0
2465,1490
2466,0
2467,0
2468,1744
2469,0
2470,1413
2471,1684
2472,1508
2473,1491
2474,1622
2475,0
2476,0
2477,1388
2478,1778
2479,0
2480,1422
2481,1801
2483,0
2484,0
2485,1591
2486,1633
2487,1497
2488,0
2489,1502
2490,0
2491,1482
2493,1498
2495,1491
2496,1422
2497,0
2498,1469
2499,1495
2500,1598
2501,1479
2502,1617
2503,1503
2504,1407
2505,0
2506,1492
2508,1506
2509,1521
2510,0
2511,1487
2512,1534
2513,1373
2514,0
2515,1406
2517,0
2518,1494
2520,0
2521,1641
2522,1653
2523,1595
2524,0
2525,1353
2526,1617
2528,0
2529,1382
2530,1523
2531,1442
2532,1465
2533,0
2534,1724
2535,0
2536,0
2537,1592
2538,1415
2539,1741
2540,0
2542,0
2543,1578
2544,1465
2545,0
2546,0
2547,0
2549,1611
2550,1549
2551,1587
2553,0
2554,1516
2555,0
2556,1617
2557,1627
2558,0
2559,1565
2560,1523
2561,0
2562,0
2563,0
2564,0
2565,0
2566,0
2567,0
2568,0
2569,0
2570,0
2571,0
2572,0
2573,0
2574,1538
2575,0
2576,1630
2577,1617
2579,1511
2580,0
2581,0
2582,1656
2583,1498
2584,1533
2585,1493
2586,1526
2587,1552
2588,0
2589,0
2590,1662
2591,1486
2592,0
2593,0
2594,1535
2595,0
2596,0
2597,0
2598,0
2599,0
2600,1542
2601,1571
2602,0
2603,1458
2604,1464
2605,1504
2606,1457
2607,1694
2608,0
2609,1549
2611,1650
2612,1529
2613,1567
2614,1591
2617,0
2618,0
2619,1628
2620,1575
2621,0
2622,0
2623,0
2624,0
2625,0
2626,1525
2627,0
2628,0
2629,0
2630,1634
2632,1477
2633,0
2634,1587
2635,1483
2637,1461
2638,1651
2640,1542
2641,1618
2642,1675
2643,1470
2644,0
2645,0
2647,1450
2648,1571
2649,0
2650,0
2652,0
2653,0
2654,1405
2655,1643
2656,1486
2657,1513
2658,1648
2659,1634
2660,0
2662,1453
2663,0
2664,0
2665,0
2667,1445
2668,0
2669,0
2670,0
2672,0
2673,1541
2674,0
2675,0
2676,1461
2678,0
2679,1504
2680,0
2681,0
46,0
216,1501
1729,1637
2702,1619
2705,0
2709,1366
2711,0
2713,1420
2719,0
2721,1401
2723,1591
2725,1400
2729,1632
2733,1683
2735,0
2737,0
2739,0
2741,0
2743,0
2745,0
2747,0
2749,0
2751,0
2753,0
2757,0
2759,0
2761,0
2763,0
2765,1559
2767,1817
2769,0
2771,1638
2773,1454
2775,0
2777,0
2779,0
2781,0
2783,1551
2785,1422
2787,0
2789,1463
2791,1744
2793,0
2795,1481
2797,1421
2799,0
2803,0
2805,1463
2809,0
2811,1565
2813,1422
2815,1486
2817,0
2819,1488
2821,0
2823,1568
2825,1389
2826,1695
2827,1431
2829,0
2830,1530
2831,0
2832,1582
2833,0
2834,1745
2835,0
2836,1585
2837,0
2838,0
2839,1593
2840,1482
2841,0
2842,0
2843,0
2844,1363
2845,0
2846,1488
2847,1449
2848,1559
2849,1553
2850,0
2851,1793
2852,1562
2853,1573
2854,1452
2855,1426
2856,1500
2859,0
2861,1451
2862,0
2864,0
2865,0
2866,0
2867,1572
2869,1482
2871,0
2872,1454
2873,0
2874,0
2875,1533
2876,1515
2877,1634
2879,1405
2880,0
2881,1633
2882,1474
2883,1592
2884,0
2885,0
2887,0
2888,0
2890,1456
2892,0
2893,0
2894,0
2895,1358
2896,1459
2897,0
2898,1511
2900,1458
2901,0
2902,0
2903,1495
2904,0
2905,1495
2906,1468
2907,1588
2908,0
2909,1458
2910,1944
2911,0
2912,1589
2913,0
2914,1527
2915,1540
2916,0
2917,0
2918,0
2919,0
2920,0
2921,0
2922,0
2923,0
2924,0
2925,0
2926,1512
2927,1462
2928,1663
2929,1440
2930,1730
2932,0
2933,0
2934,0
2935,1522
2936,0
2938,0
2940,0
2941,0
2942,0
2943,0
2944,1464
2945,1491
2946,0
2947,0
2948,0
2950,1376
2951,0
2952,0
2953,0
2956,0
2957,1471
2958,0
2959,1548
2960,1719
2961,1395
2962,0
2963,0
2964,0
2965,0
2966,1481
2967,0
2969,1371
2970,0
2971,0
2972,1605
2973,1474
2975,0
2976,1664
2977,1494
2978,1509
2979,0
2980,1491
2982,0
2983,0
2984,1547
2985,0
2986,1379
2987,1594
2988,1547
2989,1482
2990,1805
2991,0
2992,1632
2993,1486
2994,1575
2995,0
2996,1685
2998,1650
2999,0
3000,0
3001,0
3002,0
3003,1648
3004,1381
3005,1655
3006,1452
3007,1532
3008,1539
3009,1564
3010,1557
3011,1445
3012,0
3013,0
3014,0
3015,1758
3016,0
3017,1432
3018,1466
3019,1574
3020,0
3021,1444
3022,0
3023,1382
3024,1454
3025,0
3026,1431
3027,0
3028,1396
3029,1400
3032,0
3034,1589
3035,1564
3036,1431
3037,1407
3038,1522
3039,1641
3040,0
3041,0
3042,1642
3043,0
3044,1593
3045,1465
3046,0
3048,0
3049,1541
3052,0
3053,0
3054,1359
3055,1429
3056,0
3057,0
3058,1496
3059,0
3060,0
3061,1644
3062,1471
3063,0
3064,0
3065,1536
3067,1417
3069,0
3070,1490
3071,0
3072,1582
3073,0
3074,0
3075,1599
3076,0
3077,0
3079,0
3080,0
3081,1497
3082,1532
3083,1484
3084,0
3086,0
3087,0
3088,0
3089,0
3090,1487
3091,1391
3092,0
3093,0
3094,0
3095,0
3096,1404
3097,0
3098,1486
3100,1586
3102,1588
3103,1491
3104,0
3105,0
3106,0
3107,0
3108,0
3109,0
3110,1352
3111,0
3112,0
3114,0
3115,0
3116,0
3117,1512
3119,0
3120,0
3121,0
3122,1491
51,1660
78,1843
1749,0
1754,0
2000,0
2350,0
2392,0
2704,1445
2857,0
2949,0
3123,0
3124,0
3125,0
3126,0
3128,1724
3129,0
3130,1606
3131,1509
3132,1630
3133,1449
3135,0
3136,1474
3137,1508
3138,1539
3139,1425
3140,1534
3141,0
3142,1576
3143,0
3144,0
3145,1499
3146,1629
3147,1518
3148,0
3149,0
3150,0
3151,1482
3152,1396
3154,0
3155,0
3156,0
3157,1556
3158,1605
3160,1549
3161,1492
3162,0
3163,1431
3164,1546
3165,0
3167,0
3168,0
3169,0
3170,0
3171,1601
3172,1459
3173,1481
3174,0
3175,1602
3176,1552
3177,0
3179,1502
3180,1477
3181,1412
3182,1519
3183,0
3184,1593
3185,0
3186,0
3187,1497
3188,0
3189,1434
3190,0
3191,0
3192,1471
3193,1533
3194,0
3195,0
3196,1677
3197,1618
3198,0
3200,1508
3201,1537
3202,1429
3203,0
3204,1393
3205,1541
3206,1588
3207,0
3208,0
3209,0
3210,0
3211,1642
3212,1493
3213,0
3214,0
3215,1365
3216,1498
3218,1599
3219,1481
3220,1519
3221,0
3222,0
3223,1579
3224,0
3225,1409
3226,0
3227,0
3228,0
3229,1582
3230,1660
3231,0
3232,0
3234,1422
3236,1636
3237,1437
3238,1569
3239,1509
3240,1501
3241,0
3242,1457
3243,1516
3244,1591
3245,1529
3246,0
3247,1539
3250,1532
3251,0
3253,0
3255,1626
3256,1502
3257,1463
3258,1522
3259,0
3260,1460
3261,0
3262,0
3263,0
3264,0
3265,0
3266,1500
3267,1488
3268,1567
3270,0
3271,0
3272,0
3273,0
3274,1462
3275,1467
3276,1549
3277,1447
3278,1441
3279,0
3280,0
3281,0
3282,1433
3283,0
3284,1667
3286,0
3288,1441
3289,1511
3290,0
3291,1473
3292,1423
3293,1576
3294,1468
3295,1408
3296,0
3297,1433
3298,1477
3299,1488
3300,1397
3301,0
3302,1570
3303,1506
3305,0
3306,0
3307,0
3308,0
3309,1734
3310,1781
3311,0
3312,0
3313,1613
3314,1679
3315,0
3316,1572
3318,0
3319,1509
3320,0
3321,0
3322,1552
3323,1419
3324,1665
3325,0
3326,0
3328,1461
3329,1531
3330,1527
3331,0
3332,0
3333,0
3334,0
3335,1495
3336,1542
3337,1470
3339,1613
3340,1550
3341,1543
3343,0
3344,1461
3345,1478
3346,0
3350,0
3351,0
3352,1553
3353,0
3354,1451
3355,1434
3356,0
3357,1696
3358,0
3359,1548
3360,1599
3361,1545
3362,0
3363,0
3364,0
3366,1476
3367,0
3368,0
3369,0
3370,1396
3371,0
3373,1487
3374,1538
3375,0
3376,0
3377,0
3378,0
3379,1478
3380,0
3381,1462
3382,0
3383,0
3384,0
3385,0
3386,1673
3387,0
3388,1551
3389,1517
3390,1506
3392,0
3393,1530
3394,0
3396,0
3397,1517
3398,0
3401,0
3402,0
3403,0
3404,0
3405,1496
3406,0
3407,1432
3408,1505
3409,0
3410,1515
3411,0
3412,0
3413,0
3414,1663
3415,0
3416,0
3417,0
3418,1497
3419,1508
3420,0
3421,0
3423,0
156,1521
244,1526
1076,1610
2055,0
2059,1595
2087,0
3450,0
3451,1567
3452,1757
3453,0
3454,1376
3455,1556
3456,0
3457,1445
3458,1529
3459,1522
3460,0
3461,1622
3462,0
3463,0
3464,1623
3465,1446
3466,0
3467,1595
3468,1431
3469,0
3470,0
3471,0
3472,1504
3473,1586
3474,0
3475,0
3476,1622
3477,0
3478,1707
3479,0
3480,1587
3481,1514
3482,1534
3483,0
3484,1521
3485,0
3486,0
3487,1488
3488,1555
3489,1631
3490,1622
3491,1453
3492,1535
3493,0
3494,1601
3495,1566
3496,0
3497,0
3498,0
3499,0
3500,0
3501,1454
3502,0
3503,0
3504,1546
3505,0
3506,1566
3507,1482
3508,0
3509,0
3510,1395
3511,0
3512,1634
3513,0
3515,1455
3516,0
3517,0
3518,0
3519,0
3520,0
3521,0
3522,1584
3524,0
3525,1501
3526,1494
3527,1428
3528,0
3529,0
3530,0
3531,0
3532,1409
3533,1387
3534,1627
3535,1636
3536,1636
3537,1589
3538,1921
3539,1589
3540,0
3541,0
3542,1700
3543,1442
3544,1547
3545,1430
3546,1622
3547,1677
3548,0
3549,0
3550,1495
3552,0
3553,0
3554,0
3555,1716
3556,1522
3557,0
3558,0
3559,1491
3560,0
3561,1437
3563,0
3565,0
3566,1593
3567,0
3568,1508
3569,0
3570,1495
3571,1438
3572,1725
3573,0
3574,1547
3575,0
3576,0
3577,1437
3578,0
3580,0
3581,1552
3582,0
3583,0
3585,0
3586,0
3587,0
3588,1645
3590,0
3591,1429
3592,0
3593,1510
3594,0
3595,0
3596,1440
3597,1517
3598,1593
3599,0
3600,0
3601,0
3602,1543
3603,1584
3604,1720
3605,0
3606,1498
3607,0
3608,0
3609,1469
3610,1377
3611,0
3612,1469
3613,0
3614,0
3615,0
3616,1642
3617,1460
3618,1517
3619,1447
3620,1694
3621,0
3622,0
3623,1488
3624,1491
3625,0
3626,0
3627,1508
3628,0
3629,0
3630,1621
3632,1348
3633,1490
3634,1480
3635,1677
3636,1610
3637,1645
3638,0
3639,0
3640,0
3641,1767
3642,0
3643,0
3644,0
3645,0
3646,1558
3647,1719
3648,1471
3650,1481
3651,1433
3652,0
3653,1574
3654,1533
3655,1603
3656,1645
3657,0
3658,1528
3659,0
3660,0
3661,1396
3662,0
3663,1667
3664,0
3665,0
3666,0
3667,1692
3668,1584
3669,1486
3670,0
3672,0
3673,1436
3674,1762
3675,0
3676,1637
3677,0
3679,1612
3680,1542
3681,1491
3682,0
3683,1790
3684,1462
3685,0
3686,0
3687,0
3688,1628
3690,0
3691,1525
3692,1504
3693,1453
3694,0
3695,1656
3696,0
3697,0
3698,0
3699,0
3700,0
3701,0
3703,0
3704,1485
3705,0
3706,0
3707,1851
3709,0
3710,0
3711,1614
3712,1384
3713,0
3714,1387
3715,0
3716,0
3717,0
3718,0
3719,1563
3721,1559
3722,0
3723,1382
3725,0
3726,0
3727,0
3728,1388
3729,1485
3730,0
3731,0
3732,0
3733,0
3734,1474
3735,1611
3737,1643
3738,0
3739,1529
3740,1465
3741,0
3742,0
3743,1540
3744,0
3745,1398
3746,0
3747,0
3748,1575
3749,1532
3750,1671
3751,1467
3752,0
3753,1486
3754,1421
3755,1517
3756,1461
3757,0
3758,0
3759,1505
3760,1426
3761,0
3762,0
3763,0
3764,0
3765,0
3766,0
3767,1586
3768,0
3769,0
3770,1604
3771,0
3772,0
3773,1477
3774,0
3775,0
3776,0
3777,1562
3778,0
3779,0
3780,0
3781,0
3782,0
3783,0
3784,0
3785,0
3786,1418
3787,0
3788,0
3789,0
3790,0
3791,0
3792,1506
3793,1639
3794,1462
3795,0
3796,1435
3797,0
3798,0
3799,1507
3800,1386
3801,0
3802,1600
3803,0
3805,0
3806,0
3807,1447
3808,0
3810,0
3811,0
3812,1524
3813,0
3814,1540
3815,1486
3817,0
3818,0
3819,0
3820,0
3821,1452
3822,1459
3823,0
3824,1597
3825,0
3826,1640
3827,0
3828,0
3829,0
3831,0
3833,0
3834,1510
3835,1522
3837,0
3838,1554
3839,1442
3840,0
3841,0
3842,0
3843,1434
3844,1517
3845,0
3846,0
3847,1716
3848,1519
3849,0
3851,0
3853,1459
3855,0
3856,0
3857,0
3858,0
3859,1602
3860,0
3861,0
3862,0
3863,1543
3865,1470
3866,0
3867,0
3868,0
3870,0
3871,1407
3872,0
3875,1580
3876,1493
3878,1464
3879,0
3880,1502
3881,1528
3882,1564
3883,1530
23,1576
1774,0
2093,0
3925,1539
3926,1548
3927,0
3928,1611
3929,1579
3930,1527
3931,1618
3932,1624
3933,1610
3934,0
3936,1441
3937,1702
3938,0
3939,1566
3940,1677
3941,1524
3942,0
3943,0
3944,1481
3945,0
3946,1492
3947,1561
3948,0
3949,0
3950,1483
3951,1498
3952,1488
3954,1564
3955,0
3957,1483
3958,1607
3959,1732
3960,0
3961,0
3962,0
3963,0
3965,1490
3966,1477
3967,0
3968,0
3969,0
3970,1570
3971,0
3972,0
3973,0
3974,1593
3975,1434
3976,1465
3977,0
3978,0
3979,0
3980,0
3981,1427
3983,0
3984,1444
3985,1503
3986,1688
3987,0
3988,1427
3989,0
3990,1637
3991,1440
3992,0
3993,1389
3994,0
3995,0
3996,1558
3997,1479
3998,1607
3999,0
4000,0
4001,0
4002,0
4003,1667
4004,1582
4005,1603
4006,1510
4007,0
4008,1400
4009,1639
4010,1489
4011,1466
4012,1419
4013,1511
4014,1516
4015,1468
4016,0
4017,0
4018,0
4019,1397
4020,1670
4021,1534
4022,0
4023,0
4024,1413
4025,0
4026,1681
4027,1595
4028,1673
4029,0
4030,0
4031,0
4032,0
4034,1451
4035,1512
4036,0
4037,0
4038,0
4039,1681
4041,1681
4042,0
4043,1746
4044,0
4045,0
4046,0
4047,0
4048,1585
4049,1485
4050,1493
4051,1433
4052,0
4053,0
4054,1451
4055,1567
4056,1421
4057,1635
4058,0
4059,0
4060,1618
4061,1600
4062,0
4063,1608
4064,1421
4065,1454
4066,0
4067,0
4068,1482
4069,1601
4070,0
4071,0
4072,0
4073,1487
4074,1451
4075,1475
4076,0
4077,0
4078,0
4079,1640
4080,1500
4081,0
4082,0
4083,1545
4084,0
4085,1574
4086,0
4087,1620
4088,0
4089,1560
4090,0
4091,1490
4092,0
4093,1478
4094,0
4095,0
4096,1551
4097,1481
4098,0
4099,1566
4101,0
4102,0
4103,1626
4104,1416
4105,0
4106,0
4107,1473
4108,0
4109,0
4110,1495
4111,1375
4112,1572
4113,0
4114,1412
4115,0
4117,0
4118,1521
4119,1475
4120,0
4121,1462
4122,1615
4123,1541
4124,0
4125,1637
4126,0
4127,1480
4128,0
4129,0
4130,1608
4131,1617
4132,0
4133,0
4134,0
4135,1514
4136,0
4137,0
4138,0
4139,1441
4140,0
4141,1468
4142,0
4143,1686
4144,0
4145,1602
4146,1575
4147,0
4148,0
4149,0
4150,1600
4151,1559
4152,1612
4153,1614
4154,0
4155,0
4156,1533
4158,0
4159,1497
4160,1538
4161,1445
4162,0
4163,0
4164,0
4165,0
4166,1357
4167,0
4169,1539
4170,0
4171,1473
4172,0
4173,1414
4174,1517
4175,1556
4176,1515
4177,0
4178,0
4179,1405
4180,1451
4181,1451
4182,1543
4183,1594
4184,0
4185,0
4186,1486
4187,1425
4188,1548
4189,1550
4190,0
4191,1478
4192,1570
4193,1373
4195,1435
4196,0
4197,0
4198,1609
4199,0
4200,0
4201,1650
4202,0
4203,1398
4205,1565
4206,1490
4207,1553
4208,0
4209,0
4210,0
4211,0
4212,1415
4213,1665
4214,0
4215,1486
4216,1600
4217,1387
4218,0
4219,1476
4222,0
4223,0
4224,0
4225,1372
4226,1552
4227,0
4228,0
4229,1449
4230,1502
4231,0
4232,1446
4234,0
4235,0
4236,0
4237,1604
4238,1462
4239,1550
4240,1507
4241,1443
4242,1598
4243,1481
4244,0
4245,0
4246,1489
4247,1425
4248,0
4249,0
4250,0
4251,0
4252,1457
4253,1632
4254,0
4255,1494
4256,1674
4257,0
4258,0
4259,0
4260,1389
4261,0
4262,0
4263,1463
4264,0
4265,1587
4266,0
4267,1449
4268,0
4269,1534
4270,1542
4271,0
4272,1716
4273,0
4275,0
4276,1584
4277,1446
4279,0
4280,0
4281,1447
4282,0
4283,1440
4284,1509
4285,1548
4286,1425
4287,0
4288,0
4289,0
4291,1548
4292,1428
4293,1589
4294,0
4295,1549
4296,1603
4297,0
4298,0
4299,1435
4300,0
4301,1515
4302,0
4304,0
4306,1472
4307,0
4308,1489
4309,1607
4310,0
4311,1629
4314,1511
4315,0
4316,0
4317,0
4318,0
4319,1469
4320,1424
4321,0
4322,1514
4323,0
4324,0
4325,1565
4326,0
4327,1573
4328,1493
4329,1542
4330,1439
4331,0
4332,1444
4333,0
4334,1670
4335,0
4336,1601
4337,1518
4338,1662
4339,0
4341,0
4342,1629
4343,1541
4344,0
4345,0
4346,0
4347,0
4348,1426
4349,0
4350,0
4351,0
4352,0
4353,0
4354,0
4355,1506
4356,1564
4357,0
4359,0
4360,1463
4361,1520
4362,1719
4363,0
4364,1462
4366,0
4367,0
4368,0
4370,0
4371,1453
4372,0
4373,1527
4374,0
4375,1572
4376,1559
4377,1531
4378,1541
4379,0
4380,1442
4381,1551
4382,1374
4383,1428
4384,1486
4385,0
4386,1366
4387,0
4388,1563
4389,0
4390,1451
4391,1659
4392,1611
4394,0
4395,1541
4396,0
4397,0
4398,1407
4400,1573
4401,1483
4402,0
4403,1559
4404,0
4405,1557
4406,0
4408,1439
4409,1578
4410,0
193,1560
2451,1655
3562,1410
3884,0
3885,0
3953,1459
4290,1591
4369,0
4412,1358
4450,1554
4451,1690
4452,0
4453,1475
4454,1549
4455,1375
4456,1677
4457,0
4458,1576
4459,1515
4460,0
4461,1402
4462,1551
4463,0
4464,1412
4466,1459
4467,1461
4468,1503
4469,1638
4470,1482
4471,1430
4472,1597
4473,1486
4474,0
4475,0
4476,1589
4477,0
4478,0
4479,0
4480,1422
4481,1694
4482,1534
4483,0
4484,0
4485,1520
4486,1639
4487,0
4488,1785
4489,0
4490,0
4491,0
4492,0
4495,0
4496,1393
4497,0
4498,0
4499,1684
4500,1592
4501,1592
4502,0
4504,1590
4505,1544
4506,1535
4507,0
4508,1524
4509,1541
4510,0
4511,1421
4512,1623
4513,1622
4514,1501
4516,1462
4517,0
4518,0
4519,1497
4520,0
4521,1441
4522,1620
4523,1596
4525,1587
4526,0
4528,1383
4529,0
4531,1536
4532,0
4533,1593
4534,1651
4535,0
4536,1519
4537,1527
4538,0
4539,1673
4541,1630
4542,0
4543,0
4545,0
4546,1435
4547,1476
4548,0
4549,1461
4550,1534
4551,0
4552,0
4553,0
4554,0
4555,0
4556,0
4557,1609
4559,0
4560,0
4561,1634
4562,1454
4563,0
4564,1649
4565,1612
4566,0
4567,1417
4568,1574
4570,0
4571,1587
4572,1489
4573,1508
4574,0
4575,1499
4576,1398
4577,0
4578,1531
4579,1593
4580,1491
4581,0
4582,1504
4583,1450
4585,1459
4586,1578
4587,1674
4589,0
4590,1550
4591,0
4592,1556
4593,1603
4594,1465
4595,1514
4596,0
4597,0
4598,1554
4600,0
4601,1428
4603,1546
4604,1441
4606,0
4607,1661
4608,0
4609,0
4610,1639
4611,1605
4612,0
4615,0
4616,1377
4618,1498
4619,1541
4621,0
4622,1480
4623,1577
4624,1528
4625,1384
4626,0
4627,1642
4628,0
4629,0
4630,1485
4632,1480
4633,0
4634,0
4635,1571
4637,1550
4638,1601
4639,1493
4640,1452
4641,1454
4642,0
4643,1513
4645,1484
4646,1481
4648,1435
4649,1345
4650,0
4651,0
4652,1455
4653,1580
4654,0
4655,1653
4656,1583
4657,0
4659,0
4661,1398
4662,1567
4663,1499
4664,1411
4665,1481
4666,0
4667,0
4668,0
4669,1498
4670,0
4671,0
4672,0
4673,0
4674,1461
4675,0
4676,0
4678,1598
4680,1606
4681,1502
4682,1461
4683,1430
4684,0
4685,0
4687,0
4688,1637
4689,0
4690,0
4692,1556
4693,1460
4694,1455
4695,0
4696,0
4698,1591
4701,1541
4702,1431
4703,1507
4704,1513
4705,0
4706,0
4707,1421
4708,0
4711,1406
4713,0
4714,0
4715,1458
4716,0
4717,1459
4718,0
4719,0
4720,0
4721,0
4722,0
4723,0
4724,0
4725,0
4726,0
4727,0
4728,1606
4730,1449
4731,1399
4732,0
4733,1396
4734,1462
4735,1493
4736,0
4737,1586
4738,1487
4740,1452
4741,1468
4742,0
4743,0
4744,1567
4745,0
4746,0
4747,0
4748,1485
4749,1495
4750,1534
4751,0
4753,0
4754,0
4755,0
4757,1418
4758,1428
4761,1536
4762,0
4765,1456
4767,0
4768,1432
4769,0
4770,0
4771,0
4772,0
4773,1309
4774,1526
4775,1571
4776,1702
4777,1491
4778,1520
4779,1567
4780,1478
4781,0
4782,1454
4783,1545
4784,1517
4785,0
4786,1607
4787,1443
4789,0
4790,0
4791,0
4792,0
4793,0
4794,0
4795,1606
4796,1552
4797,0
4798,0
4799,1467
4800,0
4803,0
4804,1450
4805,0
4807,0
4808,0
4809,1443
4810,1545
4811,1620
4812,0
4814,1556
4815,1463
4816,1409
4817,1380
4818,1547
4819,1574
4820,0
4821,1585
4823,1416
4824,0
4825,0
4827,1426
4828,1580
4829,1534
4830,0
4832,0
4833,0
4834,0
4835,1457
4836,0
4838,1455
4839,0
4840,1404
4841,0
4842,0
4843,0
4845,1463
4846,0
4847,1362
4848,0
4849,0
4850,0
4851,1488
4852,0
4853,0
4854,1521
4855,1648
4856,0
4859,1579
265,0
746,1525
1285,1656
1786,1456
3134,1443
3886,0
4413,0
4415,1588
4416,1426
4418,1517
4901,0
4902,1441
4903,1671
4904,1511
4905,1602
4906,1604
4907,1626
4908,1494
4909,1658
4910,1746
4911,1787
4912,0
4913,1611
4914,1587
4915,1564
4917,1697
4918,1576
4919,1418
4920,1544
4921,0
4922,0
4923,0
4924,1565
4925,1476
4926,1605
4927,0
4928,0
4929,1531
4930,1644
4931,1618
4932,1552
4933,0
4935,1508
4936,1583
4938,1437
4939,1539
4940,1502
4941,1626
4942,1404
4943,0
4944,1667
4945,0
4946,1663
4947,1539
4949,1379
4950,1491
4951,1523
4952,1570
4954,0
4955,1431
4956,1612
4957,1448
4958,1517
4959,1566
4960,0
4961,1596
4962,0
4964,1503
4965,1629
4966,0
4967,1593
4968,1496
4969,0
4970,1641
4972,1492
4973,1503
4975,0
4976,1632
4977,0
4978,1376
4979,0
4980,1598
4981,0
4982,1475
4983,1508
4984,1502
4985,0
4986,0
4987,1568
4988,1451
4989,0
4990,1579
4991,1531
4992,1555
4993,0
4994,1500
4995,0
4996,0
4997,0
4998,1472
5000,1651
5001,0
5002,1529
5003,1397
5004,0
5005,1445
5006,1610
5007,0
5008,0
5009,0
5010,1672
5012,1662
5013,1576
5014,0
5015,1674
5016,1484
5017,0
5018,0
5019,1447
5020,0
5022,1588
5023,0
5024,1619
5025,1498
5026,1636
5027,1332
5028,0
5030,1515
5031,1480
5032,1438
5033,0
5034,0
5035,0
5036,1609
5038,1532
5039,1583
5040,0
5041,1499
5043,0
5045,1557
5046,1597
5047,1495
5048,1580
5049,1369
5050,1786
5051,0
5052,1541
5053,1607
5055,0
5056,1527
5057,1450
5059,1489
5060,1441
5063,1307
5064,0
5065,1452
5066,1490
5067,1577
5068,0
5069,1539
5070,1435
5071,1448
5072,1480
5073,0
5074,1423
5075,0
5076,1495
5077,0
5078,1479
5080,0
5081,0
5082,1486
5084,1604
5085,1603
5086,1530
5089,1594
5090,1465
5091,0
5092,0
5093,0
5094,0
5095,1396
5096,1464
5098,1577
5099,1496
5100,0
5102,1489
5103,1511
5104,1596
5106,0
5107,1396
5109,1612
5110,1507
5111,0
5112,1530
5113,1686
5114,1621
5115,1468
5116,0
5117,0
5118,1465
5119,1526
5121,0
5122,0
5123,1501
5124,1602
5125,1451
5126,1557
5129,0
5130,1448
5132,1465
5133,1352
5134,1476
5135,1430
5136,1498
5137,1553
5140,0
5141,1473
5142,1524
5143,1377
5144,0
5145,1461
5146,0
5147,1462
5148,1561
5149,1429
5150,1535
5151,0
5152,1585
5153,0
5155,1664
5156,1410
5157,0
5158,0
5159,1351
5160,1508
5161,1474
5162,1411
5163,0
5164,0
5166,1680
5167,1515
5168,1435
5169,0
5171,1495
5172,1859
5173,1556
5174,0
5175,0
5176,1553
5178,0
5179,1491
5180,0
5181,1608
5182,1562
5183,1458
5184,0
5185,0
5186,1380
5187,0
5188,1523
5189,1355
5190,1787
5191,0
5193,1601
5194,1597
5195,0
5196,1483
5197,1464
5198,1510
5199,1741
5200,0
5201,0
5202,1432
5203,1526
5204,1551
5205,1639
5207,0
5209,0
5212,1382
5213,1412
5214,1389
5215,1551
5216,1620
5217,1375
5218,0
5219,1399
5220,0
5221,0
5222,1497
5223,0
5224,1655
5225,1453
5226,0
5227,1511
5229,1504
5230,1520
5231,1398
5232,1456
5233,0
5234,1595
5235,1486
5236,0
5238,1506
5239,1439
5240,0
5241,0
5242,1529
5243,1513
5246,0
5247,1507
5248,1567
5249,0
5250,1389
5251,0
5252,0
5253,1451
5254,1709
5255,0
5256,1638
5257,1482
5259,0
5260,1570
5261,1510
5263,1488
5265,1471
5268,1463
5269,0
5271,0
5272,0
5273,0
5274,1507
5275,1390
5276,1533
5277,0
5278,1564
5279,1444
5282,1576
5283,1458
5285,1585
5286,0
5287,0
5288,1439
5289,0
5290,1440
5291,1565
5292,0
5293,1541
5295,1509
5296,0
5297,0
5298,1472
5299,1459
5301,0
5302,0
5304,0
5306,0
5307,0
5308,1463
5310,1448
5311,0
5312,1616
5314,1497
5316,1529
5317,1497
5318,0
5320,0
5323,0
5324,0
5325,0
5326,1417
5327,1478
5329,1429
5332,1553
5335,0
5336,0
5337,0
5338,1631
5339,1433
5340,1377
5344,1494
5345,0
5346,0
5347,0
5348,1558
5349,0
5350,1421
283,1480
297,0
2095,1539
2682,1584
3166,0
3233,0
4524,0
4584,1527
4613,1707
4614,1440
4617,1481
4712,0
4729,1422
4739,1450
4788,0
4801,1400
4802,1320
4953,0
5087,0
5101,0
5127,0
5128,0
5331,0
5333,1450
5400,0
5401,1683
5402,1498
5403,1546
5404,1692
5405,0
5406,1818
5407,1677
5408,1553
5409,1507
5410,1450
5411,1611
5412,1436
5413,1595
5414,1714
5415,0
5416,0
5417,1519
5418,1432
5420,1565
5421,1498
5422,1494
5423,0
5424,1594
5425,0
5426,1479
5427,1542
5428,0
5429,1541
5430,1402
5431,1657
5432,0
5433,0
5434,1564
5436,1610
5437,1542
5438,1498
5439,1492
5440,1510
5441,0
5442,1580
5443,1442
5444,0
5445,0
5446,0
5447,0
5448,1443
5449,1546
5450,1573
5451,1610
5452,0
5453,1548
5454,1539
5457,1573
5458,1573
5459,1480
5460,1865
5461,1483
5462,1566
5463,0
5464,1499
5465,1436
5467,1598
5468,1585
5469,0
5470,1452
5471,0
5472,1640
5473,1486
5474,1472
5475,0
5476,0
5477,1459
5478,1460
5479,0
5480,1464
5482,1498
5483,1551
5484,1644
5485,0
5486,1462
5487,0
5489,0
5490,1453
5491,1456
5492,1617
5493,1463
5494,1395
5495,0
5496,1543
5497,0
5498,1516
5499,1603
5501,1581
5502,1460
5503,1519
5504,1425
5505,1588
5506,0
5507,1667
5508,0
5509,1613
5510,1498
5511,1609
5512,1477
5513,0
5514,1468
5515,1498
5516,1448
5517,1577
5518,1535
5519,0
5520,0
5521,0
5522,1511
5523,1473
5524,1510
5525,1482
5526,1482
5527,1359
5528,1564
5529,0
5530,1630
5531,1545
5532,1444
5533,1509
5534,1481
5535,1490
5536,0
5537,0
5538,1530
5539,1431
5540,0
5541,1459
5542,1477
5543,0
5544,1647
5546,1549
5547,1516
5548,0
5549,1451
5550,1470
5551,0
5552,0
5553,1508
5554,1566
5555,1525
5556,1527
5557,1446
5558,0
5559,1493
5560,1542
5561,1675
5562,1548
5563,1536
5564,0
5565,0
5566,0
5567,1655
5568,1472
5569,0
5570,1351
5571,0
5572,1587
5573,0
5574,0
5575,0
5576,1523
5577,1490
5578,1490
5580,0
5581,0
5582,0
5583,1438
5584,1558
5585,1430
5586,1458
5587,1638
5588,1562
5589,0
5590,1527
5591,0
5593,1490
5594,0
5595,0
5596,1522
5597,1373
5598,0
5599,1435
5600,0
5601,0
5602,0
5603,1494
5605,0
5607,1490
5608,1435
5610,1477
5611,0
5612,1500
5613,1462
5614,1570
5615,0
5616,1403
5618,1641
5619,1428
5620,0
5621,1382
5622,1436
5623,1582
5624,1511
5625,0
5626,1412
5627,1472
5628,0
5629,0
5630,0
5631,0
5632,1532
5633,1422
5634,1391
5635,1543
5636,1475
5637,1424
5638,1530
5639,0
5640,0
5641,1649
5642,0
5644,0
5646,0
5647,0
5648,1465
5650,0
5651,1496
5652,0
5653,1525
5654,1519
5655,1411
5657,1453
5658,1510
5659,1512
5660,1524
5661,1442
5662,1427
5663,1623
5664,0
5665,1448
5666,1480
5667,1595
5669,1494
5670,0
5672,1417
5674,1564
5675,1632
5676,1695
5677,0
5678,1460
5679,1479
5680,0
5681,1458
5682,1426
5683,1475
5684,1663
5685,1494
5686,1518
5687,1821
5688,1439
5689,1463
5690,1548
5691,0
5692,0
5694,0
5695,1377
5696,1532
5697,1460
5699,1492
5700,1592
5701,1383
5702,1497
5703,0
5704,1390
5705,1445
5706,1501
5708,1427
5709,1438
5710,1510
5711,0
5712,1676
5713,0
5714,1476
5715,1500
5716,1456
5717,0
5719,1559
5720,1474
5721,0
5722,1421
5724,1527
5725,1430
5726,1414
5727,1546
5728,1449
5730,1522
5731,0
5732,1458
5733,0
5734,1489
5735,1509
5736,1623
5737,1439
5738,0
5739,0
5740,1545
5742,0
5744,1343
5745,0
5746,1451
5747,1529
5748,0
5749,0
5750,0
5752,1526
5753,1503
5754,1463
5756,1567
5758,0
5759,0
5760,0
5761,0
5762,1536
5763,1498
5765,0
5768,0
5771,0
5772,0
5773,1446
5774,1491
5775,0
5776,0
5779,0
5780,0
5781,1509
5782,0
5783,1479
5784,0
5785,1399
5786,0
199,1493
1080,1504
1360,1645
1792,1533
1797,1591
2096,1595
2706,1603
2707,1407
4763,1421
4999,1390
5500,1448
5592,0
5606,0
5729,1452
5777,1410
5800,1449
5801,1701
5802,1628
5803,1707
5804,1449
5805,1525
5806,1517
5807,0
5808,0
5809,1464
5810,1462
5811,1551
5812,0
5813,1575
5814,0
5816,1536
5817,1610
5818,1679
5819,0
5820,0
5821,1373
5822,1574
5823,1494
5824,0
5826,1498
5827,1666
5828,1344
5829,1481
5830,1514
5831,1450
5832,0
5834,1540
5835,1347
5836,1421
5837,1399
5838,0
5839,0
5840,1583
5841,1415
5842,1513
5843,1581
5844,0
5845,0
5846,1648
5847,1608
5848,1413
5849,1417
5851,1577
5852,1502
5853,1563
5854,1452
5855,0
5856,1605
5857,1433
5858,1441
5859,0
5860,1571
5863,1432
5864,0
5865,1517
5866,1521
5869,1444
5870,1493
5871,1398
5872,1520
5874,1452
5875,1423
5876,1470
5877,0
5878,1452
5879,0
5881,1414
5882,0
5883,1692
5884,0
5885,1608
5886,0
5887,1497
5888,1433
5889,1614
5891,0
5892,1679
5893,0
5894,1506
5895,1671
5897,0
5898,0
5899,0
5900,1501
5901,1542
5902,1469
5903,1566
5905,0
5906,1438
5907,1551
5908,1391
5910,1580
5911,1433
5912,1513
5913,1571
5914,1564
5915,1437
5918,1420
5919,1466
5920,1600
5921,1519
5923,1419
5924,1449
5926,1580
5927,1653
5928,1453
5929,1538
5930,1578
5931,0
5932,0
5933,1675
5934,1600
5935,1484
5936,0
5937,1545
5938,0
5939,0
5940,1557
5941,0
5942,0
5943,1461
5944,1493
5945,1515
5946,0
5947,0
5948,1527
5949,1581
5950,1468
5951,1587
5952,1445
5953,0
5954,1375
5955,0
5956,0
5957,1524
5958,0
5959,1458
5960,1517
5961,0
5962,1518
5963,1469
5964,1476
5965,1497
5966,1467
5968,1469
5969,0
5970,1491
5971,1449
5973,1430
5974,1453
5975,1485
5976,1568
5977,1434
5979,0
5980,1580
5981,0
5982,1452
5983,0
5984,0
5985,1655
5986,1487
5987,1509
5988,1479
5989,1424
5990,1546
5991,1476
5992,1599
5993,1491
5994,0
5996,1410
5997,1518
5998,1434
5999,1400
6000,1450
6001,1472
6002,1596
6003,0
6004,1487
6005,1480
6007,1345
6008,0
6009,1484
6010,1437
6011,0
6012,0
6013,1442
6014,1535
6015,0
6016,1477
6017,1511
6018,0
6019,1504
6020,1624
6021,1390
6022,1466
6023,1535
6024,1558
6025,1581
6026,1505
6027,1550
6028,0
6029,1522
6032,1598
6033,1432
6034,0
6035,1417
6036,1499
6038,1497
6039,1475
6040,0
6041,1441
6043,1505
6044,1406
6045,1470
6046,0
6047,1391
6048,0
6049,0
6050,1454
6051,0
6052,1424
6053,1420
6054,0
6055,1580
6056,0
6057,1464
6058,0
6059,1453
6060,1527
6061,0
6062,0
6063,1444
6064,1564
6065,1506
6066,1525
6067,1611
6068,1599
6069,0
6070,1473
6071,1536
6072,1527
6073,1500
6074,1399
6075,1385
6076,1476
6077,1620
6078,1497
6079,1600
6081,1529
6082,0
6083,1569
6084,1407
6085,1490
6086,1525
6087,1584
6088,1563
6089,1422
6090,1666
6091,1451
6092,1475
6093,1516
6094,1557
6095,0
6096,1402
6097,1498
6098,1506
6099,1553
6100,1578
6101,1495
6102,1369
6103,1436
6104,1542
6105,0
6106,1545
6107,1474
6108,0
6109,0
6110,1524
6111,1528
6112,1502
6113,1511
6114,1422
6116,1394
6117,1509
6118,0
6119,0
6120,1510
6121,1632
6122,1571
6123,0
6125,0
6126,0
6127,1452
6128,1415
6129,1446
6130,1423
6131,1513
6132,1526
6133,1460
6134,0
6135,1621
6136,0
6137,1422
6138,1449
6139,1431
6140,1510
6141,1501
6143,0
6144,1583
6145,1375
6146,1421
6147,1359
6149,1454
6150,1489
6152,1467
6153,1621
6154,0
6155,1549
6156,1394
6157,1484
6158,0
6160,1435
6161,1626
6162,1357
6163,0
6164,1420
6165,0
6166,1328
6167,1415
6168,1464
6169,0
6170,1519
6171,1526
6172,1536
6173,0
6174,1480
6175,1505
6176,0
6177,1473
6178,1429
6179,1378
6180,1420
6181,1430
6183,0
6184,1458
6185,0
6186,1452
6187,0
6188,1514
6189,1409
6190,1412
6191,1451
6193,1648
6194,1484
6195,1383
6196,0
6198,0
6199,1419
6200,1603
6201,1528
6202,1460
6203,0
6204,0
6208,0
6210,0
6212,0
6213,1466
6214,1446
6215,1359
6217,1520
6218,1427
6219,1409
6220,1475
6221,0
6222,1440
6223,1454
6224,1544
6225,0
6226,1583
6227,0
6228,1428
6229,0
6230,1476
6231,0
6232,1467
6235,0
6236,0
6237,1564
299,1444
747,1671
1374,1529
2708,1464
5058,1401
5419,1538
6239,1594
6240,1412
6300,1618
6301,1471
6302,1461
6304,1570
6305,1458
6306,0
6308,0
6309,0
6314,0
6315,1442
6317,1452
6318,1453
6319,1428
6320,0
6321,1586
6322,1486
6323,1503
6324,1447
6325,1448
6326,1466
6327,1497
6328,1474
6329,1625
6330,1392
6331,1474
6332,1429
6333,1443
6334,1609
6335,0
6336,1557
6337,1541
6338,0
6339,1341
6340,1593
6341,1508
6342,1423
6343,1577
6344,1580
6345,1497
6346,1442
6347,0
6348,1483
6349,0
6350,1551
6351,1500
6352,1563
6353,1501
6354,0
6355,1444
6356,0
6357,1485
6358,1573
6359,1504
6360,0
6361,0
6362,0
6363,0
6364,1568
6365,0
6366,1530
6367,1508
6369,1503
6371,0
6372,1435
6373,0
6374,0
6375,0
6376,0
6377,1671
6378,1571
6379,1359
6380,1517
6381,1481
6382,0
6383,0
6384,0
6385,0
6386,1529
6387,0
6388,1412
6390,1463
6391,1549
6392,0
6393,0
6394,0
6396,0
6397,1470
6398,1436
6399,0
6400,0
6401,1565
6402,1432
6403,0
6404,1514
6406,0
6407,0
6408,1461
6409,0
6410,1376
6411,1608
6412,1383
6413,1320
6414,0
6415,1498
6416,0
6417,1553
6418,1606
6419,1521
6420,1475
6421,1538
6422,1446
6423,1475
6424,1574
6425,1446
6426,1438
6428,1412
6429,1598
6430,1406
6431,1434
6432,1464
6433,0
6434,1533
6435,1315
6436,1456
6437,0
6439,0
6440,0
6441,1350
6442,1511
6443,1731
6444,1474
6445,1579
6447,0
6448,0
6449,0
6450,0
6451,1610
6453,1410
6455,1522
6456,0
6457,0
6458,1490
6459,1437
6460,0
6461,1580
6462,0
6463,1468
6464,1478
6465,1612
6467,0
6468,0
6471,1586
6472,0
6473,1500
6474,1636
6476,1464
6479,1624
6480,0
6481,1436
6482,0
6483,1480
6484,1423
6485,1641
6487,1493
6488,1343
6489,1506
6490,1537
6491,0
6492,0
6493,0
6494,0
6498,1531
6499,1422
6500,1584
6502,1608
6503,1479
6504,1485
6505,0
6506,1469
6507,0
6508,1581
6509,0
6510,1587
6512,1475
6513,1436
6514,1409
6515,1410
6517,1476
6518,0
6519,1498
6520,1475
6522,0
6523,0
6524,1353
6525,0
6526,1397
6527,1517
6528,1654
6529,1436
6530,1458
6531,0
6532,1426
6533,1404
6534,0
6535,1402
6536,0
6537,1381
6538,1585
6540,1367
6541,1378
6542,1420
6543,1449
6544,1500
6545,1425
6546,1478
6547,1461
6548,1569
6550,1490
6552,1408
6553,1378
6554,0
6556,1541
6557,1436
6558,1557
6559,0
6560,1550
6561,1433
6562,0
6563,0
6564,0
6565,1571
6566,1508
6567,1520
6568,1504
6569,1712
6570,1564
6571,0
6573,1527
6574,1577
6575,1359
6579,1540
6580,1526
6581,1394
6582,1555
6583,1439
6584,1432
6585,0
6586,1502
6588,1491
6589,1450
6590,1424
6591,1603
6592,1463
6593,1481
6594,1403
6595,1527
6597,1494
6599,1425
6600,1442
6601,0
6602,0
6604,0
6605,0
6606,1442
6607,0
6608,1505
6609,0
6610,1408
6611,1392
6612,1402
6613,0
6614,0
6615,1499
6616,1589
6617,0
6618,1595
6619,1397
6620,1502
6621,1426
6622,1368
6624,1485
6626,1424
6627,1374
6628,1513
6630,1485
6631,1498
6632,1520
6633,0
6634,0
6635,1510
6636,1456
6637,1590
6638,1340
6639,1520
6640,1543
6641,0
6642,1489
6643,1344
6644,1440
6645,1462
6646,1605
6647,1600
6648,1414
6649,0
6650,0
6651,1488
6652,1417
6654,0
6655,1421
6656,1492
6657,1475
6658,1384
6659,1452
6660,1409
6662,1442
6663,0
6664,1390
6665,1428
6666,1443
6667,0
6668,1410
6669,0
6670,1411
6671,0
6672,1673
6673,0
6674,1479
6675,0
6676,1428
6677,1395
6679,0
6680,1420
6682,1531
6683,0
6684,0
6685,1408
6686,1474
6687,0
6688,0
6689,0
6690,1473
6691,1548
6692,1408
6693,0
6694,1507
6695,1557
6696,1581
6697,1432
6699,0
6700,1418
6701,1364
6702,1479
6703,0
6704,1411
6705,1525
6706,1506
6707,1332
6708,0
6709,1445
6710,0
6711,1420
6712,1458
6714,0
6715,1367
6716,0
6717,0
6718,1353
6719,1434
6720,0
6721,1542
6722,1478
6723,1550
6724,0
6725,1476
6727,0
6728,0
6729,1503
6730,0
6731,1361
6732,1362
6733,1392
6736,1542
6737,0
6738,1577
6739,0
6740,1540
6741,1549
6742,1535
6743,1402
6744,1519
6746,1498
6749,1453
6750,1464
6751,1404
6752,0
6753,1578
6754,1387
6755,0
6758,1482
6762,1455
6763,1545
6764,1389
6765,0
6766,1425
6768,1503
6769,0
6770,0
323,1595
1085,0
2710,1517
4764,1352
5787,0
6238,1446
6303,0
6312,1425
6748,0
6771,0
6800,1569
6801,0
6802,1601
6803,1600
6804,1513
6805,1465
6806,1569
6807,1381
6808,1441
6809,1485
6811,1490
6812,0
6813,1452
6814,1530
6817,1422
6818,0
6819,1463
6820,0
6821,1485
6822,1518
6823,1554
6824,1620
6825,1421
6826,0
6827,0
6829,1638
6830,1424
6831,1459
6832,0
6833,1583
6834,1456
6836,0
6837,0
6838,1535
6840,1417
6841,1505
6842,0
6843,1472
6844,1520
6845,1611
6846,1441
6847,0
6850,1453
6851,1476
6852,0
6854,1500
6855,1460
6856,1392
6858,0
6859,1523
6860,1427
6861,1615
6862,1318
6863,1428
6864,1412
6865,1409
6866,1526
6867,1655
6868,1482
6869,1508
6870,1478
6871,1556
6872,1468
6873,1366
6874,1334
6875,1433
6877,1522
6878,1558
6880,1550
6881,1433
6882,1517
6883,1466
6884,1493
6885,1375
6886,1593
6887,1503
6888,1415
6889,1440
6891,1480
6892,1420
6893,1454
6894,1471
6895,1399
6896,1516
6897,1493
6898,0
6899,1409
6900,1410
6901,1541
6902,1445
6904,1528
6905,1371
6906,1414
6907,1588
6908,1512
6909,1510
6910,1484
6911,1518
6912,1443
6913,0
6914,1491
6915,0
6916,1381
6917,1455
6918,1588
6919,1617
6920,1425
6921,1430
6922,1442
6923,1401
6925,1469
6926,1408
6927,1386
6928,1503
6929,1481
6931,0
6932,1452
6933,1520
6934,1502
6935,1509
6936,1589
6937,1408
6938,1381
6940,1442
6941,1553
6943,1472
6944,1422
6945,1561
6946,0
6947,1470
6948,1558
6949,0
6950,0
6951,0
6952,0
6953,1358
6954,1363
6955,1471
6956,1514
6957,1426
6958,1541
6959,1451
6960,1370
6961,1376
6962,1519
6963,1561
6964,1551
6965,1405
6967,0
6968,1452
6969,1449
6970,1473
6971,0
6974,1528
6975,1413
6976,0
6977,1465
6978,1439
6979,0
6981,1437
6982,0
6983,0
6985,1549
6986,1641
6987,1486
6988,1475
6989,1470
6990,0
6991,0
6992,1505
6993,0
6995,1473
6996,1498
6997,1453
6998,1444
6999,1423
7000,0
7001,0
7002,0
7004,1509
7006,0
7009,0
7010,1484
7013,1434
7016,1454
7017,1447
7018,1424
7019,1418
7020,1506
7021,1642
7022,1552
7023,1445
7024,0
7025,0
7026,1502
7027,1477
7028,1572
7029,1452
7030,1498
7031,1476
7032,1355
7033,1453
7034,1557
7035,1418
7036,1460
7037,1382
7038,1463
7039,1613
7040,1418
7041,1491
7042,1513
7043,1415
7045,1439
7046,0
7047,1500
7048,1512
7050,1402
7051,0
7052,1462
7053,1513
7054,1571
7055,1435
7056,1541
7057,1452
7058,1539
7059,0
7060,1436
7063,1435
7064,1478
7065,0
7066,0
7067,1437
7068,1449
7069,0
7070,1433
7071,1466
7072,1569
7073,1432
7074,1510
7075,1401
7076,1461
7077,1412
7079,1529
7080,0
7081,0
7083,0
7084,1490
7085,1460
7086,1515
7088,1481
7091,1391
7093,0
7094,1413
7095,0
7096,0
7097,0
7101,0
7102,1453
7103,1425
7104,1504
7106,1468
7107,1499
7108,1579
7109,1478
7110,1556
7111,1529
7112,1442
7113,1415
7115,1430
7116,1473
7117,1475
7118,1462
7119,1443
7120,1382
7121,1551
7122,0
7123,1457
7124,1483
7125,1386
7126,1409
7127,1603
7128,1449
7130,1552
7133,1479
7134,1396
7135,1467
7136,1452
7137,1484
7138,1443
7140,0
7141,1444
7142,1455
7143,1358
7144,1462
7145,1336
7146,1412
7147,1389
7148,0
7149,0
7150,1364
7151,1396
7152,1516
7153,1471
7154,1580
7155,1418
7156,1364
7157,1482
7158,1475
7160,1607
7161,1493
7162,1410
7163,1398
7164,0
7165,1530
7166,1556
7167,1429
7168,1463
7169,1496
7170,1475
7171,1435
7172,1448
7173,1491
7174,1464
7175,1474
7176,0
7177,1509
7178,1580
7179,1624
7180,1390
7183,1402
7184,0
7185,1392
7187,1570
7188,1473
7189,0
7190,1518
7191,1454
7192,1509
7193,1464
7194,0
7195,1537
7196,1480
7197,1449
7198,1524
7200,1423
7201,0
7202,1494
7203,1444
7204,1368
7205,1408
7206,1574
7208,1433
7209,1487
7210,1382
7211,1567
7212,1370
7213,1454
7214,1474
7215,0
7216,1482
7217,0
7218,1423
7219,1394
7220,1517
7221,1457
7222,1539
7223,1469
7224,1409
7225,1573
7226,1535
7227,0
7228,1422
7229,1412
7230,1434
7231,1472
7232,1506
7234,1419
7235,1450
7237,1452
7238,0
7239,1552
7240,0
7242,1399
7243,1428
7244,1462
7245,1352
7246,1426
7247,1505
7248,1482
7249,0
7250,1474
7251,1583
7254,1502
7255,1466
7256,1481
7257,1464
7258,1408
7259,0
7260,0
7262,0
7263,1435
7264,1396
7265,1469
7266,1409
7267,1526
7268,0
7269,0
7270,1390
7271,1469
7272,1422
7273,1404
7274,1500
7275,1466
7277,1381
7278,1458
7286,0
7287,1440
7288,1391
7289,1561
7290,0
7291,0
7292,0
7293,1522
7294,0
7295,0
7296,1439
7297,0
7298,1402
7299,1445
7301,1390
7302,0
7303,1376
7308,1508
7309,1414
7311,1380
7312,1555
7313,1416
7314,1392
7315,1562
7316,1417
7317,0
7318,1446
7319,1404
7321,1369
7322,0
7323,1429
7324,1349
7326,1352
7327,1520
7329,1502
7330,1312
7331,1465
2097,1591
2712,1481
2714,1595
3889,1462
4414,1726
6241,1438
6486,1453
7129,1411
7280,1451
7400,1517
7401,1401
7403,1372
7406,1440
7407,1676
7408,1407
7409,1477
7410,1485
7411,1524
7412,1439
7413,1513
7414,1536
7415,1469
7416,1556
7417,1408
7418,1503
7419,1616
7421,1471
7422,1411
7424,1477
7425,1530
7426,1698
7427,1525
7428,1430
7429,1461
7430,1445
7431,1525
7432,1472
7433,1584
7434,1445
7435,1432
7436,1471
7438,1534
7439,1436
7440,1404
7441,1459
7442,1483
7443,1506
7444,1497
7445,1497
7446,1514
7447,1590
7448,1402
7449,1578
7450,1517
7451,1559
7452,1448
7454,1598
7455,1469
7456,1523
7457,1685
7458,1554
7459,1454
7460,1486
7461,1474
7462,1444
7463,1452
7464,1488
7465,1444
7466,1439
7467,1366
7468,1474
7469,1377
7470,1520
7471,1441
7472,1436
7473,1460
7474,1382
7475,1364
7476,1523
7477,1401
7478,1413
7479,1450
7480,1541
7481,1404
7482,1459
7483,1501
7484,1446
7485,1410
7486,1503
7487,1385
7488,1401
7489,1426
7490,1446
7491,1576
7492,1560
7494,1552
7495,1479
7496,1432
7497,1470
7498,1672
7499,1495
7500,1485
7501,1567
7502,1531
7503,1488
7504,1508
7505,1439
7506,1401
7509,1540
7510,1413
7511,1440
7512,1401
7513,1376
7514,1526
7515,1431
7516,1431
7518,1391
7519,1462
7520,1418
7521,1690
7522,1563
7523,1455
7524,1331
7525,1485
7526,1509
7527,1481
7528,1435
7529,1453
7530,1471
7531,1502
7532,1461
7533,1422
7534,1453
7535,1436
7536,1457
7537,1469
7538,1458
7539,1516
7540,1518
7541,1486
7544,1510
7546,1453
7547,1487
7548,1425
7549,1459
7551,1465
7552,1424
7553,1657
7554,1419
7555,1413
7558,1546
7560,1424
7561,1466
7562,1454
7563,1462
7564,1372
7565,1430
7566,1422
7567,1444
7568,1454
7569,1420
7570,1491
7573,1429
7574,1510
7575,1477
7576,1477
7577,1384
7578,1465
7583,1378
7585,1429
7586,1408
7587,1536
7588,1447
7589,1467
7590,1462
7591,1478
7593,1488
7594,1436
7595,1455
7596,1387
7597,1448
7598,1508
7599,1392
7600,1444
7601,1370
7602,1500
7603,1559
7605,1571
7607,1413
7608,1325
7609,1460
7611,1440
7613,1461
7614,1472
7615,1440
7616,1428
7617,1515
7619,1451
7620,1608
7621,1457
7623,1485
7626,1531
7627,1527
7628,1401
7629,1412
7631,1468
7632,1425
7634,1432
7635,1414
7636,1423
7637,1428
7638,1528
7641,1410
7644,1421
7645,1457
7646,1433
7648,1396
7649,1419
7650,1493
7651,1561
7652,1432
7653,1432
7654,1409
7655,1448
7656,1574
7657,1470
7658,1526
7659,1463
7660,1604
7661,1413
7662,1519
7663,1544
7664,1561
7665,1448
7667,1554
7668,1431
7669,1393
7670,1422
7671,1535
7672,1411
7673,1485
7674,1482
7675,1472
7676,1422
7677,1498
7678,1449
7682,1462
7683,1409
7684,1486
7686,1424
7687,1420
7688,1426
7689,1401
7690,1513
7691,1491
7692,1438
7693,1412
7694,1488
7695,1478
7696,1389
7699,1423
7700,1457
7701,1445
7702,1411
7703,1437
7704,1401
7706,1424
7707,1397
7708,1448
7709,1449
7710,1418
7712,1549
7713,1535
7714,1391
7715,1437
7716,1484
7717,1430
7718,1461
7719,1407
7721,1468
7722,1468
7723,1527
7724,1588
7725,1488
7728,1472
7729,1441
7730,1428
7732,1423
7735,1549
7736,1441
7737,1440
7738,1548
7739,1436
7740,1486
7741,1531
7742,1378
7744,1490
7746,1451
7747,1471
7748,1419
7749,1393
7750,1430
7751,1408
7752,1435
7753,1482
7754,1487
7755,1474
7757,1586
7758,1442
7759,1459
7760,1440
7761,1385
7762,1497
7763,1610
7766,1451
7767,1453
7768,1529
7769,1540
7770,1537
7772,1390
7773,1481
7774,1476
7776,1480
7777,1421
7778,1423
7780,1490
7781,1482
7782,1531
7783,1443
7784,1470
7785,1534
7787,1465
7788,1473
7789,1466
7790,1541
7791,1483
7794,1461
7795,1511
7796,1518
7797,1467
7798,1431
7799,1433
7800,1448
7802,1414
7803,1431
7804,1498
7805,1414
7807,1456
7808,1441
7809,1539
7810,1454
7811,1475
7812,1450
7813,1503
7814,1435
7815,1427
7816,1487
7817,1492
7818,1456
7820,1397
7822,1466
7823,1552
7826,1421
7827,1455
7828,1391
7830,1528
7831,1401
7833,1440
7834,1421
7836,1493
7837,1416
7838,1461
7839,1405
7840,1589
7841,1425
7842,1466
7843,1412
7844,1493
7845,1543
7846,1468
7847,1387
7848,1507
7849,1418
7850,1432
7851,1439
7853,1435
7854,1409
7855,1499
7856,1379
7857,1417
7858,1512
7859,1443
7861,1472
7864,1490
7865,1466
7868,1422
7869,1528
7870,1451
7871,1421
7872,1451
7874,1414
7875,1375
7877,1437
7878,1403
7879,1459
7880,1471
7883,1511
7884,1457
7885,1477
7886,1477
7887,1495
7890,1615
7891,1466
7892,1430
7893,1410
7894,1439
7895,1375
7896,1417
7897,1471
7898,1491
7899,1425
7900,1439
7902,1461
7905,1460
7906,1443
7907,1419
7908,1421
7909,1383
7910,1490
7911,1488
7912,1429
7913,1462
7915,1430
